"Name","Vorname","Gastinstitution","Disziplin","Titel Projekt","Jahr"
"Egli","Adrian","Universität Basel","Immunology, Immunopathology","Blockade of interferon-λ of signalling – a novel class of adjuvants to improve vaccine-induced antibody responses",2014
"Depeursinge","Adrien","EPF Lausanne","Information Sciences","Highly Adaptive Computational Models of Biomedical Tissue in Radiological Images: Digital Tissue Atlases and Correlation with Genomics (MAGE)",2014
"Paschoud","Adrien","Université de Lausanne","Romance languages and literature","Edition integrale des ecrits autobiographiques de Jean-Joseph Surin (1600-1665)",2010
"Demirors","Ahmet","ETH Zürich","Physical Chemistry","Bioinspired Composites by External Fields",2013
"Argyraki","Aikaterini","EPF Lausanne","Information Sciences","Internet Accountability",2008
"Ramadoss","Ajay","ETH Zürich","Mathematics","Topological quantum mechanics and index theorems.",2009
"Santamaria- Martínez","Albert","Université de Fribourg","Experimental Cancer Research","Cancer Stem Cells and metastasis: control of cell fate decisions through crosstalk with their lineage and the microenvironment",2014
"Comas-Vives","Aleix","ETH Zürich","Inorganic Chemistry","Support Effects in Catalysis: The Case of Dry Reforming",2013
"Barducci","Alessandro","EPF Lausanne","Physical Chemistry","Atomistic Basis for the Multiple Functions of the Hsp70 Chaperone Machinery",2011
"Sartori","Alessandro","Universität Zürich","Biochemistry","The role of CtIP phosphorylation in DNA double-strand break processing",2008
"Dimartino","Alessia","Université de Genève","Archaeology","Image and word: Visual communication and verbal portraiture in Ancient Greek funerary monuments",2014
"Eggel","Alexander","Universität Bern","Immunology, Immunopathology","Novel strategies to prevent allergic hypersensitivity reactions using disruptive IgE inhibitors",2013
"Hall","Alexander","ETH Zürich","Experimental Microbiology","Ecology of Antibiotic Resistance: Effect of Environment on Bacterial Adaptation to Antibiotics",2013
"Monin","Alexander","EPF Lausanne","Theoretical Physics","Spontaneous Conformal Symmetry Breaking and Hierarchy Problem",2013
"Kroll","Alexandra","EAWAG Dübendorf","Other Disciplines of Environmental Sciences","Fate and effects of engineered nanoparticles in stream periphyton",2012
"Fürstenberg","Alexandre","Université de Genève","Biophysics","Membrane dynamics and conformational diversity of G protein-coupled receptors",2010
"Fort","Alexandre Matthieu","Université de Genève","Genetics","Genomic regulation and function of nuclear non-coding RNAs transcribed from human enhancer regions",2014
"Ibanez Gabilondo","Alfredo","ETH Zürich","Cellular Biology, Cytology","Single-cell (S.cerevisiae) level examination of the telomere maintenance process",2012
"Martinez-Garcia","Alfredo","ETH Zürich","Geology","On the Role of the Southern Ocean in the regulation of atmospheric carbon dioxide concentrations",2012
"Deac","Alina","EPF Lausanne","Condensed Matter Physics","Spin-dependent transport and spin-transfer torques in specially designed superlattice nanostructures with tailored anisotropies",2010
"Vidotto","Aline","Université de Genève","Astronomy, Astrophysics and Spatial Sciences","Evolution of the stellar wind impact on extrasolar planets",2013
"Ribi Forclaz","Amalia","IHEID Genève","History in general","Peasants, Poverty and Politics. The Emergence of Global Labour Standards in Agriculture, 1930-1960",2011
"Aiyangar","Ameet","EMPA Dübendorf","Mechanical Engineering","Integrating Dynamic In Vivo Imaging And Computational Modelling: A New Paradigm To Study Lumbar Spine Biomechanics",2014
"Akrap","Ana","Université de Genève","Condensed Matter Physics","Charge dynamics in topological insulators",2013
"Necsulea","Anamaria","EPF Lausanne","Genetics","The roles of long non-coding RNAs in mammalian development and aging",2012
"Alimonti","Andrea","Università della Svizzera italiana","Experimental Cancer Research","Manipulation of senescence pathways for cancer therapy: from experimental models to clinic",2011
"Burri","Andrea","Universität Zürich","Psychology","Somatoform pain disorder: The role of interpersonal and epigenetic factors in the transition from acute to chronic pain disorder",2012
"Caviglia","Andrea","Université de Genève","Condensed Matter Physics","Light control of artificial quantum materials",2012
"Frick","Andrea","Universität Bern","Psychology","Development of Spatial Transformation Abilities",2010
"Parmigiani","Andrea","ETH Zürich","Geophysics","The fate of exsolved volatiles in shallow magma reservoirs: flow behavior and consequences on crystal mush reactivation and magma eruptability",2014
"Samson","Andrea","Université de Genève","Psychology","Emotion Dysregulation in Psychopathology: Pathway to an Innovative Neuroconnectivity-Informed Intervention",2014
"Scrima","Andrea","FMI Basel","Biochemistry","Molecular mechanism underlying Cockayne Syndrome",2010
"Surroca Ortiz","Andrea","Universität Basel","Mathematics","On some trascendental and diophantine problems",2008
"Crivellin","Andreas","PSI Villigen","Particle Physics","Flavour Physics beyond the Standard Model",2014
"Rüegg","Andreas","ETH Zürich","Theoretical Physics","Topological states in quantum condensed matter and advanced materials",2013
"Stauder","Andreas","Universität Basel","Ancient History and Classical Studies","The Old Egyptian Verb. Functions in Text",2012
"Gerber","Andri","ETH Zürich","Architecture and Social urban science","Städtebautheorie: Theorie einer ""interdisziplinären Disziplin""",2011
"Becue","Andy","Université de Lausanne","Chemical Engineering","Development of advanced fingermark detection techniques based on luminescent nanoparticles",2008
"Casini","Angela","EPF Lausanne","Inorganic Chemistry","Exploring the mechanisms of metal-based pharmacological agents via an integrated approach",2008
"Izzo","Anna","Université de Lausanne","Romance languages and literature","Il racconto di secondo grado nell'Orlando Furioso e nella tradizione cavalleresca",2009
"Plisecka","Anna","Universität Zürich","Legal Sciences","Normative Kommunikation in der mehrsprachigen Gesellschaft: Die Veröffentlichung von kaiserlichen Konstitutionen in den östlichen Provinzen des römischen Reiches",2012
"Spycher","Anna Cornelia","Universität Zürich","Cellular Biology, Cytology","""Kiss and Flush"" - a minimized endocytic system in the protozoan Giardia lamblia",2010
"Malaspinas","Anna Sapfo","Universität Bern","Genetics","Characterizing migrations with modern and ancient genomic data: the limits of the Polynesian expansion",2014
"Roulin","Anne","Universität Zürich","Ecology","Population genomics and local adaptation: genome wide analysis of transposable elements and natural population evolutionary trajectories",2014
"Bevan Zlatar","Antoinina","Universität Zürich","German and English languages and literature","Making and Breaking Images in John Milton",2012
"Gfeller","Aurélie Elisa","IHEID Genève","History in general","Conceptualizing World Heritage: A Contested Process (1970s-2000s)",2011
"Saab","Bechara","Universität Zürich","Neurophysiology and Brain Research","Exploring in the Dark: A Possible Light for Major Depression",2013
"Mühleisen","Beda","Universität Zürich","Experimental Microbiology","Parathyroid hormone-related peptide (PTHrP) in skin innate immune defense - regulation and role in wound healing",2012
"Spycher","Ben","Universität Bern","Cancer","The spatial epidemiology of childhood cancer in Switzerland",2013
"Schimanski","Bernd","Universität Bern","Cellular Biology, Cytology","Nuclear mRNA export in Trypanosoma brucei - parasite specific factors or business as usual?",2010
"Forclaz","Bertrand","Université de Neuchâtel","History in general","La guerre de Trente ans aux frontières de l'Empire (1618-1648): appartenance, expérience, mobilité",2008
"Schaefli","Bettina","EPF Lausanne","Hydrology, Limnology, Glaciology","Hydrologic Prediction in Alpine Environments",2009
"Lenggenhager","Bigna","Universität Zürich","Neurophysiology and Brain Research","Binding body and self by vestibular and multisensory stimulation",2012
"Yalcin","Binnaz","Université de Lausanne","Genetics","Genetic basis of intellectual disability and other cognitive disorders",2012
"Kleim","Birgit","Universität Zürich","Psychology","Psychological and Biological Mechanisms of Stress Resilience",2009
"Burmann","Björn","Universität Basel","Biophysics","Structure and Dynamics of the Escherichia Coli transcription termination factor Rhod",2013
"Bellone","Camilla","Université de Genève","Neurophysiology and Brain Research","Nicotine exposure of the unborn: effects on postnatal maturation of excitatory synaptic transmission in the cortico-limbic system",2010
"Roggia","Carlo Enrico","Université de Genève","Romance languages and literature","Le opere linguistiche di Melchiorre Cesarotti: edizione e commento",2010
"Clair","Carole","Université de Lausanne","Clinical Endocrinology","Diabetes and Smoking Cessation: a Gender Oriented Intervention Trial",2014
"King","Carolyn","Universität Basel","Immunology, Immunopathology","The role of TCR affinity in CD4+ T cell asymmetric division and differentiation",2012
"Battegay","Caspar","Université de Lausanne","German and English languages and literature","A History of Possibility. Utopia and Diaspora in the German-Jewish Imagination",2014
"Hirschi","Caspar","ETH Zürich","History in general","Kritiker und Experten. Die Konstruktion moderner Gelehrtenrollen im Zeitalter der Aufklärung",2010
"Ifejika Speranza","Chinwe","Universität Bern","Social geography and ecology","Resilient agriculture-based livelihoods and resilient agricultural landscapes? Adaptation to climate change in African agriculture",2011
"Althaus","Christian","Universität Bern","Infectious Diseases","Acute and chronic dynamics of HIV and HCV infections, within-host evolution and epidemiological outcomes",2011
"Appenzeller- Herzog","Christian","Universität Basel","Cellular Biology, Cytology","Role and regulation of luminal disulfide switches in calcium signaling from the endoplasmic reticulum",2009
"Flindt","Christian","Université de Genève","Condensed Matter Physics","Nano-scale quantum devices",2010
"Parisod","Christian","Université de Neuchâtel","Botany","Impact of transposable elements on genome dynamics and reproductive isolation",2010
"Schöb","Christian","Universität Zürich","Ecology","Niche space construction and facilitation, and their evolutionary consequences",2013
"Grams","Christian Michael Warnfrid","ETH Zürich","Meteorology","The mutual interaction of individual weather systems and weather regimes",2013
"Berth","Christiane","Universität Bern","History in general","Telecommunication, modernity and social change. A social and cultural history of the telephone in Mexico, 1930-1996",2014
"Bichsel","Christine","Université de Fribourg","Social geography and ecology","Territory in Socialist Central Asia. A Political Geography of Soviet Modernity, 1953–1982",2009
"Weder","Christine","ETH Zürich","German and English languages and literature","Intime Beziehungen: Literatur, Ästhetik und Theorien der Sexualität um 1968",2010
"Berger","Christoph","Universität Basel","Clinical Immunology and Immunopathology","Giant Cell Arteritis – towards a molecular understanding of pathogenesis",2013
"Dahl","Christoph","Université de Neuchâtel","Anthropology, Primatology","A novel approach on animal cognition",2014
"Flückiger","Christoph","Universität Zürich","Psychology","Microtuning a bonafide treatment for GAD patients – A randomized controlled trial",2011
"Grüter","Christoph","Université de Lausanne","Ecology","The adaptive significance of communication and learning for colony success in honey bees",2012
"Karlo","Christoph","Universität Zürich","Clinical Cancer Research","Radiogenomics of Renal Cell Carcinoma",2013
"Scheiermann","Christoph","Université de Genève","Immunology, Immunopathology","Kontrolle zirkadianer Lymphozytenmigration in lymphoiden und nicht- lymphoiden Geweben durch das sympathische Nervensystem",2012
"Galland","Christophe","EPF Lausanne","Condensed Matter Physics","Heralded Single Phonon Generation and Detection in an Optomechanical Resonator",2013
"Yamahata","Christophe","EPF Lausanne","Other disciplines of Engineering Sciences","Micropincettes en Silicium pour l'Instrumentation Biophysique Moléculaire",2008
"Rambeau","Claire","Universität Bern","Other disciplines of Environmental Sciences","Arid Southern Levant: a joint environmental and human history for the Holocene, derived from new archives of climate change (Dead Sea edge, Jordan)",2011
"Monney","Claude","Universität Zürich","Condensed Matter Physics","Time- and angle-resolved photoemission spectroscopy on correlated materials",2014
"Zamagni","Claudio","Université de Lausanne","Religious sciences, Theology","L'""Apocalypse de Paul"" apocryphe: édition critique et commentaire",2009
"Lapointe","Clayton","Université de Fribourg","Condensed Matter Physics","Cholesteric blue phase liquid crystals confined to nano-scale topographic surfaces",2012
"Castelletti","Cristiano","Université de Fribourg","Ancient history and Classical studies","Flavium Caelum. Tradition aratéenne et idéologie impériale dans la poésie épique de l'époque flavienne.",2011
"Granziera","Cristina","Université de Lausanne","Neurology, Psychiatry","Advanced Techniques to Investigate the Physiopathology of Multiple Sclerosis Using High and Ultra-High Field MRI",2010
"Martin-Olmos","Cristina","CSEM Neuchâtel","Microelektronics, Optoelectronics","Smart engineered substrates for high throughput mechanobiology",2014
"Müller","Cristina","PSI Villigen","Pharmacology, Pharmacy","Folate Receptor Targeting for Imaging and Potential Therapy of Cancerous and Inflammatory Diseases",2008
"Alessi","Daniel","EPF Lausanne","Geochemistry","In situ Cr(VI) remediation in biostimulated natural sediments: mechanisms of formation, characterization, and long-term stability of reduced Cr(III) products",2011
"Berner","Daniel","Universität Basel","Molecular biology","The molecular basis of parallel evolution in stickleback foraging morphology",2009
"Rankin","Daniel","Universität Zürich","Ecology","The Evolution and Ecology of Mobile DNA",2008
"Staub","Daniel","Universität Basel","Cardiovascular Research","Clinical Use of Contrast-Enhanced Ultrasound (CEUS) for the Assessment of Vessel Wall Vascularization (Vasa Vasorum) and Inflammation in Carotid Atherosclerosis and Venous Thrombosis",2012
"Wegmann","Daniel","EPF Lausanne","Molecular Biology","Coestimating selection and demography",2012
"Donghi","Daniela","Universität Zürich","Inorganic Chemistry","Structural NMR investigation of the interaction between metal-based anticancer drugs and RNA",2011
"Baglioni","Daniele","Universität Zürich","Romance languages and literature","Gli esiti del nesso GN nelle lingue romanze (con speciale riguardo all'Italia)",2009
"Colombaroli","Daniele","Universität Bern","Ecology","Fire, climate change and human impact in tropical ecosystems: paleoecological insights from the East African region",2009
"Roppolo","Daniele","Universität Bern","Cellular Biology, Cytology","Establishment of membrane fences and local cell wall deposition in plants",2012
"Cazzoli","Dario","Universität Bern","Neurology, Psychiatry","Interactions between attentional networks and their influence on perception: a project in healthy subjects and hemispatial neglect patients",2014
"Margolis","David","Universität Zürich","Neurophysiology and Brain Research","Neuronal circuit mechanisms of experience-dependent plasticity in adult mouse barrel cortex",2009
"Faivre-Carron","Delphine","Universität Zürich","Philosophy","Santa Maria Novella and the Commune of Florence (1293-1313/4). A Philosophical Investigation of the Political Writings by Florentine Dominicans Contemporary to Dante",2014
"Martinvalet","Denis","Univesité de Genève","Immunology, Immunopathology","Reactive Oxygen Species in Granzyme-mediated Cell Death: from Mechanism to Applications",2009
"Tuia","Devis","EPF Lausanne","Other disciplines of Environmental Sciences","Understanding the underlying structure of remote sensing images: improving adaptation in classification models with artificial intelligence techniques",2011
"Blas Temino","Diego","Université de Genève","Theoretical Physics","Understanding gravity at all scales: new tools for quantum gravity and cosmology",2013
"Schöbi","Dominik","Université de Fribourg","Psychology","The Coregulation of Daily Affective Experiences in Couples with Young Children",2008
"Glauser","Dominique","Université de Fribourg","Genetics","Genetic Analysis of Temperature and Pain Sensation in Caenorhabditis elegans",2010
"Bakkum","Douglas","ETH Zürich","Neurophysiology and Brain Research","Network dynamics underlying learning in embodied cortical brain cells grown over an 11,011-electrode CMOS circuit",2010
"Joseph","Edith Michelle Maryse","Université de Neuchâtel","Inorganic Chemistry","MAIA",2012
"Benetti","Edmondo Maria","ETH Zürich","Material Sciences","Polyoxazoline-Based Coatings On Polymeric Scaffolds Directing Tissue Regeneration",2013
"Pribytkova","Elena","Universität Basel","Legal Sciences","A Social Minimum in the Language of Human Rights",2012
"Andretta","Elisa","Université de Genève","History in general","Itinéraires des savoirs et cultures médicales de l'Europe méditerranéenne (1520-1650)",2011
"Brilli","Elisa","Universität Zürich","Romance languages and literature","L'homme, la cité terrestre et la théologie de l'histoire. Saint Augustin chez Dante",2012
"Briefer","Elodie","ETH Zürich","Zoology","Vocal expression of emotions in mammals: encoding, decoding and human-animal perception",2013
"Fabbri","Emiliana","PSI Villigen","Physical Chemistry","Designing novel electrocatalysts for fuel cells and electrolyzers by tailoring perovskite surface properties",2013
"Slack","Emma","ETH Zürich","Experimental Microbiology","Immunological control of within-host S. Typhimurium population dynamics",2011
"Lara","Enrique","Eidg. Forschungsanstalt - WSL","Other disciplines of Environmental Sciences","Genetic microdiversity and ecology of protists",2008
"Schmidlin","Eric","Université de Fribourg","Neurophysiology and Brain Research","Physiological investigation of the motor output from motor cortex after transient and permanent inactivation in sub-human primate treated with an antibody enhancing functional recovery of function, assessed by chronically implanted electrodes",2008
"Bucher","Etienne","Universität Bern","Genetics","Investigating the tissue specific epigenetic code in plants",2010
"De Boever","Eva","Université de Fribourg","Geology","QuantiCarb@Spring – processes and quantification of CaCO3 fabric- specific layering at hot springs and its environmental implications",2014
"Breschi","Evelina","Université de Fribourg","Other disciplines of Physics","A push-pull magnetometer with an internal microwave frequency reference",2010
"Geiser","Eveline","Université de Lausanne","Psychology","Mechanisms of global timing percetion and their influence on perception and cognition",2013
"Vergauwe","Evie","Université de Genève","Psychology","Behavioral and neural basis of high-speed retrieval in working memory",2014
"Marchand","Fabienne","Université de Fribourg","Ancient History and Classical Studies","Old and New Powers: Dynamics of Domination in a Changing World. Boiotian International Relations from Philip II to the End of the Hellenistic Period",2013
"Zobi","Fabio","Universität Zürich","Inorganic Chemistry","Systematic Approach to Rhenium (II) Building Blocks via Ligand- Mediated Decarbonylation: Prospective and Applications in Medicinal Inorganic Chemistry and for Single-Molecule Magnets",2008
"Carbone","Fabrizio","EPF Lausanne","Condensed Matter Physics","Real-time structural investigation of superconductors",2009
"Sladojevich","Filippo","ETH Zürich","Organic Chemistry","Halogen bonding catalysis",2014
"Oloff","Florence","Universität Zürich","German and English languages and literature","The epistemics of grammar: A comparative study of co-constructions in Czech, French, and German",2013
"Steinberg","Florian","Universität Basel","Cellular Biology, Cytology","Sorting nexin mediated endocytic recyling in signalling and cancer",2013
"Thevenon","Florian","Université de Genève","Other disciplines of Environmental Sciences","Natural and anthropogenic mineral aerosols from ice and sediment Alpine records: Climatic, stratigraphic, and environmental implications",2008
"Contratto","Franca","Universität Zürich","Legal sciences","Rechtsschutz im Wirtschaftsrecht - Phänomenologie und Ursachen aktueller Vollzugsdefizite sowie Reformansätze für die Zukunft",2009
"Amati","Francesca","Univeristé de Lausanne / Universität Bern","Endocrinology","Insulin resistance of aging, ectopic lipid depositions and oxidative capacity: effects of exercise and obesity",2009
"Riva","Francesco","EPF Lausanne","Particle Physics","MiPhaGe: Mining the Pharmacogenomics Literature",2011
"Vazquez","Franck","Universität Basel","Molecular Biology","Genetic and Molecular Insights into the Regulation of Endogenous RNA Silencing Pathways of Plants",2009
"Scharnowski","Frank","Université de Genève","Neurophysiology and Brain Research","Modulating Human Brain Function and Dysfunction with Neurofeedback",2010
"Guillaume","Frédéric","ETH Zürich","Genetics","Genetic determinants of adaptive variation and their evolution in structured populations",2008
"Balbi","Gabriele","Université de Genève","Communication Sciences","Inventing European Wireless. A cultural history of wireless from point-to- point telegraphy to one-to-many broadcasting, 1903-1927",2012
"Ruiz","Geoffrey","Université de Lausanne","Geology","Cauca-Lift: Uplift in the Caucasus Mountains – Insights from very low Temperature thermochronometry and in cosmogenic dating",2009
"Modestin","Georg","Université de Fribourg","History in general","Heinrich von Diessenhofen als Historiograph seiner Zeit im Rahmen der süddeutschen Reichsgeschichtsschreibung",2009
"Plomp","Gijs","Université de Genève","Neurophysiology and Brain Research","Functional brain networks: dynamics of directed information transfer in visual processes",2010
"Gasser","Gilles Albert","Universität Zürich","Inorganic Chemistry","Synthesis of PNA-Metal Bioconjugates by ""Copper-Free"" and ""Photo"" Click Chemistry: An Approach towards the in Vitro Attachment of Organometallics to Biomolecules",2009
"Wandeler","Gilles Olivier","Universität Bern","Internal Medicine","HIV and viral hepatitis co-infection: informing management strategies through dedicated cohort studies in sub-Saharan Africa and Switzerland",2014
"Michel","Gisela","Universität Bern","Cancer","Follow-up care after childhood and young adult cancer",2008
"Sforazzini","Giuseppe","EPF Lausanne","Organic Chemistry","Polymer Torsional Switches for Organic Photovoltaics",2013
"Würzner","Gregor","Université de Lausanne","Internal Medicine","Implication and interaction of the renal sympathetic nervous system, the renin-angiotensin-aldosterone system and renal sodium handling in pre- hypertensive or hypertensive states",2008
"Bobeth","Gundela","Universität Zürich","Musicology","Das deutschsprachige Lied in Wien um 1800. Ein Beitrag zur Liedkultur zwischen Aufklärung und Romantik",2012
"Martin","Gunther","Universität Bern","Other languages and literature","Kommentar zu Euripides, Ion",2010
"Jacopin","Gwénolé","EPF Lausanne","Condensed Matter Physics","Ultrafast dynamics of wide band gap nanostructures for highly efficient LEDs",2014
"Jessen","Henning","Universität Zürich","Organic Chemistry","Dissection of Inositol-Phosphate Dependent Signaling Pathways with Novel Chemical Tools",2011
"Braband","Henrik","Universität Zürich","Inorganic Chemistry","Technetium Chemistry at High Oxidation States: New Perspectives for Nanomaterials and Polyoxometalates in Medicine and Environmental Science",2009
"Yanagisawa","Hirofumi","ETH Zürich","Condensed Matter Physics","Spatio-temporal Control of Coherent Electron Emission",2010
"Mercier","Hugo","Université de Neuchâtel","Psychology","Reasoning in its social, cultural and argumentative context",2012
"Voets","Ilja","Université de Fribourg","Physical Chemistry","Antifreeze proteins in solution and at interfaces",2010
"Wilhartitz","Inés","EAWAG Dübendorf","Hydrology, Limnology, Glaciology","Microbial communities inherent to karstic aquifers - ecological driving forces in the depth",2010
"Latu","Ioana","Université de Neuchâtel","Psychology","Implicit gender stereotypes in the workplace context: communication, behavioral confirmation, and detection",2012
"Foletti","Ivan","Université de Lausanne","Visual arts and Art history","The Dead and Their Bodies as Places of “Ethno-Gatherings” and of contact: the Case of Ambrose, Gervasius and Protasius in the Early Middle Ages (397-950). Romans, Byzantines, Lombards and Carolingians in the Face of the Milanese Cult of Relics.",2013
"Krol","Jacek","FMI Basel","Molecular Biology","Regulatory function of microRNAs in mouse retinal neurons",2011
"Yoo","Jaiyul","Universität Zürich","Astronomy, Astrophysics and Spatial Sciences","Cosmological Probes of Dark Sector of the Universe",2010
"Cakareski","Jakov","EPF Lausanne","Information Sciences","YouStream: Context-Aware Distributed Media Delivery",2009
"Storey","James William","Universität Bern","Particle Physics","First Measurement of the Free-Fall of Antimatter with an Antihydrogen Beam",2012
"Cvengros","Jan","ETH Zürich","Organic Chemistry","Tröger's base inspired organocatalysts for asymmetric dual catalysis",2010
"Dreiser","Jan","EPF Lausanne","Condensed Matter Physics","Magnetic and Optical Investigations of Surface-Deposited Single-Ion Magnets",2012
"Engelstädter","Jan","ETH Zürich","Ecology","Why do bacteria have sex? Theoretical and experimental investigations into the evolution of bacterial transformation",2010
"Gründemann","Jan","FMI Basel","Neurophysiology and Brain Research","Mapping the neuronal code of fear",2014
"Klohs","Jan","ETH Zürich","Neurophysiology and Brain Research","Molecular imaging of neutrophil protease-mediated blood-brain barrier impairment and thrombosis after cerebral ischemia",2011
"Pachlopnik Schmid","Jana","Universität Zürich","Paediatrics","Immune tolerance in flaky skin mutant mice",2011
"Lobmaier","Janek","Universität Bern","Psychology","Processing the “Social” Face",2008
"Mercer","Jason","ETH Zürich","Cellular Biology, Cytology","Cell biology of poxvirus infection",2010
"Slowik","Jay","PSI Villigen","Climatology. Atmospherical Chemistry, Aeronomoy","Production and Processing of Atmospheric Aerosols from Biogenic and Biomass Burning Sources",2010
"Champagnac","Jean-Daniel","ETH Zürich","Geology","Glacial Carving versus Tectonic Forcing. Documenting their Relative Contribution to Relief Formation",2009
"Gerber","Jean-David","Université de Lausanne","Social geography and ecology","The land use strategies of local authorities in the aftermath of new public management. Impacts on spatial development and sustainability",2010
"Corpataux","Jean-François","Université de Fribourg","Visual arts and Art history","Knots & Folds. Contribution to the Study of « Parerga » in Renaissance Art",2014
"Longchamp","Jean-Nicolas","Universität Zürich","Condensed Matter Physics","Coherent Diffraction Imaging of Graphene-Supported Single Biomolecules at Atomic Resolution",2013
"Pfister","Jean-Pascal","Universität Bern","Biophysics","Normative theory of synaptic plasticity across multiple time scales",2011
"Brantut","Jean-Philippe","ETH Zürich","Other disciplines of Physics","Mesoscopic Physics with Utracold Atoms",2013
"Huang","Jen-How","ETH Zürich","Pedology","Influence of arsenate adsorption on iron and aluminium hydroxide surfaces on microbial arsenate reduction kinetics",2008
"Teubner","Jens","ETH Zürich","Information Sciences","Avalanche: Stream Processing on Bare Metal",2009
"Forney","Jérémie","Berner Fachhochschule","Ethnology","Filières alternatives dans la production laitière: reconfiguration des réseaux et autonomisation des producteurs",2012
"Mertens","Joachim Carl Philipp","Universität Zürich","Clinical Cancer Research","Sensitization of Activated Stromal Fibroblasts for Apoptosis – Mechanisms and Therapeutic Potential in Cancer and Fibrosis",2014
"das Neves Duarte","João Miguel","EPF Lausanne","Neurophysiology and Brain Research","Metabolic features of neurodegeneration and neuroprotection upon insulin resistance",2013
"Rüegg","Joëlle","Universität Basel","Molecular Biology","Role of estrogen receptors in mediating specific DNA methylation changes and it implication for endocrine disruption",2009
"Vuille","Joëlle","Université de Neuchâtel","Legal Sciences","Forensic science as a contributor to miscarriages of justice in Western",2014
"Chang","Johan Juul","EPF Lausanne","Condensed Matter Physics","Strongly correlated metals beyond the Fermi liquid concept",2012
"Letzkus","Johannes Jakob","FMI Basel","Neurophysiology and Brain Research","Encoding of Associative Fear Memory in Identified Neuronal Circuits of Auditory Cortex",2010
"Kühn","Jonas","ETH Zürich","Astronomy, Astrophysics and Spatial Sciences","Science-Plane Holographic Coherent Wavefront Sensor & Digital Adaptive Coronagraphy for Extremely-high-contrast Direct Imaging of Exoplanets",2014
"Groh","Jose","Université de Genève","Astronomy, Astrophysics and Spatial Sciences","Unified models of massive stars through cosmic time",2011
"Payne","Joshua","Universität Zürich","Genetics","The evolution and robustness of transcription factor binding sites",2014
"Domínguez Borràs","Judith","Université de Genève","Neurophysiology and Brain Research","Neural pathways of emotional attention investigated with intracranial and single-neuron recordings in humans",2013
"Bohlius","Julia","Universität Bern","Cancer","AIDS-defining and non AIDS-defining cancers in patients starting ART in Southern Africa: cohort and linkage studies",2011
"Fink","Julian","Universität Bern","Philosophy","Epistemic Reasons and Rational Coherence: A New Answer to ‘Why be rational?’",2013
"Stauder-Porchet","Julie","Universität Basel","Ancient history and Classical studies","Les autobiographies en Égypte ancienne de 2500 à 1500 av. J.-C. : histoire d’un genre",2011
"Mayor","Julien","Université de Genève","Psychology","A neuro-computational investigation of lexical development in Williams Syndrome children",2010
"Fedor","Juraj","Université de Fribourg","Physical Chemistry","Electron-driven chemistry at liquid interfaces",2010
"Minehira Castelli","Kaori","Université de Lausanne","Pathophysiology","Molecular and nutritional approach for a study of non-alcoholic fatty liver diseases in mice and human",2008
"Leonard","Katherine Colby","EPF Lausanne","Hydrology, Limnology, Glaciology","Antarctic precipitation, snow accumulation processes, and ice-ocean interactions",2012
"Tan","Kelly","EPF Lausanne","Neurophysiology and Brain Research","Dopamine modulation of inhibitory microcircuits in the barrel cortex",2012
"Woods","Kerry","Universität Bern","Cellular Biology, Cytology","Manipulation of the host by Theileria: Using BioID to discover parasite- dependent protein interaction networks",2014
"Taylor","Kirsten I.","Universität Basel","Psychology","Transentorhinal Cortex Function and Structure in Preclinical Alzheimer’s Disease",2009
"Voitchovsky","Kislon","EPF Lausanne","Other disciplines of Physics","Solid-Liquid Interfaces at the Nanoscale",2011
"Saunders","Krystyna","Universität Bern","Hydrology, Limnology, Glaciology","High resolution reconstructions of climate variability in the sub-Antarctic during the last two millennia",2011
"Wohlfeld","Krzysztof","ETH Zürich / PSI Villigen","Condensed Matter Physics","Unravelling Exotic Properties of Collective Excitations in Correlated Systems",2014
"Kocsis","Laszlo","Université de Lausanne","Geochemistry","Paleogene environmental conditions in shallow tropical basins: case studies in the Tethyan phosphate deposits of North Africa",2009
"Ciobanu Radomirovic","Laura Ioana","Université de Neuchâtel","Mathematics","Algorithmic, asymptotic and combinatorial aspects of equations in groups",2011
"Meier","Laurenz","Université de Fribourg","Psychology","Examining the Effect of Well-being on Work Stressors",2012
"Döring","Leif","ETH Zürich","Mathematics","Lévy Processes Coming in from Infinity and Jump-Diffusions with Singular Coefficients",2013
"Wansleben","Leon","Universität Luzern","Sociology","Processes of scientization in the Bank of England and the Swiss National Bank since 1960",2013
"Pollet","Lode","ETH Zürich","Condensed Matter Physics","Developing tools for bridging the gap between cold gases and materials",2010
"Fagiano","Lorenzo Mario","ETH Zürich","Other disciplines of Engineering Sciences","Experimental Assessment of Airborne Wind Energy",2013
"van Dongen","Luc","Université de Fribourg","History in general","La ""garde anticommuniste"" suisse et ses homologues occidentales au temps de la guerre froide : réseaux, milieux et transferts transnationaux (1945-1975)",2008
"Montero de Espinosa","Lucas","Université de Fribourg","Organic Chemistry","Simplified supramolecular polymers: from fundamental studies to a new generation of reversible two-component resins",2014
"Bietti","Lucas M.","Université de Neuchâtel","Psychology","The Embodied Communication of Memories: Interaction, Evolution and Learning in Social Contexts",2014
"Isa","Lucio","ETH Zürich","Material Sciences","Self-assembly of anisotropic nanoparticles at liquid interfaces: unraveling the basics and designing new functional materials",2012
"Kurant","Maciej","ETH Zürich","Information Sciences","Graph Sampling: Theory and Applications",2012
"Irla","Magali","Université de Genève","Immunology, Immunopathology","Role of medullary thymic epithelial cells in the generation of natural regulatory T cells",2010
"Hollenstein","Marcel","Universität Bern","Organic Chemistry","Improving the catalytic repertoire of DNA enzymes",2009
"Nievergelt","Marco","Université de Lausanne","German and English languages and literature","Allegory, Hermeneutics and Epistemology: Guillaume Deguileville’s Pilgrimage trilogy in England 1350-1450.",2011
"Pignatari","Marco","Universität Basel","Astronomy, Astrophysics and Spatial Sciences","A new comprehensive analysis of nucleosynthesis in stars: a bridge between nuclear astrophysics, stellar models and observations",2009
"Caiata Zufferey","Maria","Université de Genève","Sociology","Entre santé et maladie. Analyse des trajectoires et des modes de vie en présence du risque génétique de cancer",2010
"Noti","Mario","Universität Bern","Immunology, Immunopathology","The Role of the Microbiota in Food-induced Allergic Disorders",2014
"Tegethoff","Marion","Universität Basel","Psychology","Pediatric mental-somatic comorbidity: epidemiological and psychobiological perspectives",2011
"Geuking","Markus","Universität Bern","Immunology, Immunopathology","The role of antigen-specific and Toll-like receptor-dependent de novo generation of inducible regulatory T cells in the induction of intestinal immune homeostasis",2010
"Seeger","Markus","Universität Zürich","Biochemistry","Targeting multidrug efflux proteins: Studying transport processes across the membrane using designed ankyrin repeat proteins and antibody fragments",2009
"Gysel","Martin","PSI Villigen","Climatology, Atmospherical Chemistry, Aeronomoy","Soot Nanoparticles in the Past and Present Atmosphere",2008
"Jutzi","Martin","Universität Bern","Astronomy, Astrophysics and Spatial Sciences","Impact Processes in the Solar System",2012
"Worthington","Martin","Université de Genève","Other languages and literature","Individual style in Babylonian narrative poetry of the 1st millennium BC",2010
"Walter","Martin Alexander","Universität Basel","Clinical Cancer Research","Somatostatin-coupled Nanoparticles for Cancer Imaging and Therapy",2009
"Maan","Martine","Universität Bern","Ecology","The colours of speciation: can visual adaptation and sexual selection drive species divergence in cichlid fish?",2009
"Kaczmarek","Mary-Alix","Université de Lausanne","Geology","High strain zone: From the effect of mineral plasticity to plate tectonic",2012
"Lupi","Matteo","ETH Zürich","Geology","Earthquake-induced fault reactivation at oblique subduction zones: from cause to effect",2014
"Berking","Matthias","Universität Bern","Psychology","Evaluating the Effectiveness of an Intensive Emotion-Regulation Training as an Adjunctive Intervention in Psychotherapeutic Treatment of Mental Disorders",2008
"Mehling","Matthias","Universität Basel","Clinical Immunology and Immunopathology","Microfluidics-based analysis of human T cell migration on a single cell level",2014
"Meier","Matthias","ETH Zürich","Geochemistry","Traces of two recent cosmic events in terrestrial sediments",2014
"Leimgruber","Matthieu","Université de Genève","History in general","The emergence of the “crisis of the welfare state”: a social and transnational history (1970s-1980s)",2008
"Lieberman","Max","Universität Zürich","History in general","Conflicts between chivalry and law in high medieval “states”, ca. 1000– 1300",2009
"Jaeger","Michael","Universität Bern","Biomedical Engineering","Novel Computerised Ultrasound Tomography in Echo Mode - CUTE: Multimodal Ultrasound Imaging for Accurate Diagnosis and Treatment Control",2012
"Jucker","Michael","Universität Luzern","History in general","Beute, Plünderung, Kulturgüterraub. Kriegsökonomie und symbolische Konfliktformen vom Mittelalter bis zur Renaissance",2009
"König","Michael","Universität Zürich","Economics","The Coevolution of Economic Networks and Behavior: Theory, Empirics and Policy Implications",2014
"Koss","Michael","ETH Zürich","Astronomy, Astrophysics and Spatial Sciences","Uncovering Hidden Black Hole Growth",2014
"Studer","Michael Hans-Peter","ETH Zürich","Other disciplines of Engineering Sciences","Novel system for the direct fermentation of pretreated lignocellulosic material to ethanol in a single reactor",2008
"Juricek","Michal","Universität Basel","Organic Chemistry","Quantum Information Processing Devices: Emergence of High-Spin Nanographenes",2013
"Bucher-Karlsson","Michelle","EPF Lausanne","Mathematics","Milnor-Wood inequalities and characteristic classes",2009
"Stuparu","Mihaiela Corina","Universität Zürich","Organic Chemistry","New optoelectronic materials based on corannulene derivatives",2009
"Katan","Mira","Universität Zürich","Neurology, Psychiatry","Biomarker signature of stroke aetiology study: The BIOSIGNAL-Study",2012
"Soleymani","Mohammad","Université de Genève","Information Sciences","Sensing Knowledge Emotions in Multimedia Discovery",2014
"Pic","Muriel","Université de Neuchâtel","Romance languages and literature","Edith Boissonnas dans le cercle Paulhan : l'engagement lyrique",2010
"Alvarez","Nadir","Université de Lausanne","Zoology","Coalescence and adaptation processes in plant-insect interactions: Bridging the gap between genomics and phylogeography",2009
"Banerji","Natalie","EPF Lausanne","Physical Chemistry","Conjugated Donor-Acceptor Copolymers: Understanding Their Optoelectronic Functioning in Organic Solar Cells",2011
"Giger","Nathalie","Universität Zürich","Political Sciences","The politics of family policy expansion. Electoral rewards, party politics and citizens' attitudes in comparative perspective",2013
"Meuwly","Nathalie","Université de Fribourg","Psychology","What contributes to healthy romantic relationships? An investigation of heterosexual, lesbian, and gay male couples",2014
"Stojanovic","Nenad","Universität Luzern","Political Sciences","Racist voters and minority candidates: a conceptual puzzle and an empirical challenge with a focus on the Swiss case",2014
"Greiner","Nicolas","Universität Zürich","Theoretical Physics","Automated calculations of electroweak corrections at the LHC",2014
"Rothen","Nicolas","Universität Bern","Psychology","Natural Foundations of Enhanced Memory",2014
"Silvestrini","Nicolas","Université de Genève","Psychology","Motivational Perspectives on the Reciprocal Influence of Cognitive Control and Pain",2012
"Kränkel","Nicolle","Universität Zürich","Cardiovascular Research","Verbesserung der Rekrutierung Pro-angiogener Zirkulierender Zellen mittels Manipulation der Kinin-Rezeptor Signalübertragung",2009
"Thomos","Nikolaos","EPF Lausanne","Information Sciences","Low cost network coding for collaborative video streaming",2008
"Arrigo","Nils","Université de Lausanne","Botany","Functional genomics of adaptive introgression: experimental transfer of zinc resistance between Arabidopsis halleri and A. lyrata.",2013
"Khanna","Nina","Universität Basel","Immunology, Immunopathology","Relevance of different CD4+ T-cell subsets for antifungal defense. What is aberrant in immunocompromised patients?",2012
"Ullrich","Nina","Universität Bern","Cardiovascular Research","Functional characterization and comparison of stem cell-derived cardiomyocytes for cardiac regenerative medicine",2010
"Bubenhofer","Noah","Universität Zürich","German and English languages and literature","Visual Linguistics: Fundamentals of Visualizing Language Data",2014
"Faresse","Nourdine","Universität Zürich","Physiology: other topics","Role of the Mineralocorticoid receptor signaling in the control of adipocytes differentiation and function",2012
"Casacuberta Arola","Nuria","ETH Zürich","Oceanography","A new multitracer approach in Oceanography: combining U-236 with conventional anthropogenic radionuclides in the Arctic and Atlantic Oceans",2014
"Zenker","Olaf","Universität Bern","Ethnology","Land restitution and the moral modernity of the new South African state",2011
"Silander","Olin","Universität Basel","Experimental Microbiology","The generation of novel function in microbial systems",2009
"Hahn","Oliver","ETH Zürich","Astronomy, Astrophysics and Spatial Sciences","Galaxies and Large-scale Structure in the Universe: Their Formation and Implications for Cosmological Observables",2011
"Martin","Oliver Yves","ETH Zürich","Ecology","Evolutionary Conflicts and their Impact on Speciation",2008
"Frey","Olivier","ETH Zürich","Microelectronics, Optoelectronics","The Body on a Chip - Human 3-D tissue analogues in microfluidic systems",2012
"Reubi","Olivier","ETH Zürich","Geochemistry","Integrating U-series and petrology to constrain the time scales of arc magmatism",2009
"Riva","Oriana","ETH Zürich","Information Sciences","Nimbus: Personal cloud computing",2010
"Vadas","Oscar","Université de Genève","Biochemistry","How kinases define specificity in lipid signalling?",2013
"Aran","Oya","IDIAP Martigny","Information Sciences","Multimodal Computational Modeling of Nonverbal Social Behavior in Face to Face Interaction",2011
"Fischer","Ozana","Universität Basel","Physical Chemistry","Switchable transport across genetically engineered channel proteins",2010
"Crivelli","Paolo","ETH Zürich","Other disciplines of Physics","Testing antigravity with positronium",2010
"Purtschert","Patricia","ETH Zürich","Philosophy","Kolonialismus ohne Kolonien? Eine postkoloniale Diskursanalyse der Schweiz",2009
"Jermann","Patrick","EPF Lausanne","Information Sciences","Multimodal Interaction Modelling and Regulation of Collaborative Problem-Solving",2009
"Pedrioli","Patrick Gino Angelo","ETH Zürich","Biochemistry","Functional significance and regulation of nucleotide thiolation in RNA molecules",2009
"Vasos","Paul Romeo","EPF Lausanne","Physical Chemistry","Storing slow processes in spin memory: long-lived states",2008
"Castets","Perrine","Universität Basel","Molecular Biology","Importance of the mTORC1 signaling in the maintenance and the plasticity of neuromuscular junctions: involvement of the pathway in the control of autophagy and the regulation of class II histone deacetylases",2014
"Szövényi","Péter","Universität Zürich","Genetics","Gene expression and the evolution of plant alternation of generations",2010
"Bänziger","Peter-Paul","Universität Basel","History in general","The Industrious Subject. A History of Productive Selves, ca. 1890-1990",2013
"Siegl","Petr","Universität Bern","Mathematics","Spectral analysis of non-self-adjoint operators with applications in mathematical physics",2014
"Schmid","Petra","Universität Bern","Psychology","Power effects on decision-making: The role of motivational and cognitive processes",2014
"Brunner","Philip","Université de Neuchâtel","Hydrology, Limnology, Glaciology","Controls and impact of geologic heterogeneity and temporal dynamics in surface water groundwater interaction",2009
"Engel","Philipp","Université de Lausanne","Experimental Microbiology","Functional characterization of microbial symbioses in the honey bee gut microbiota",2013
"Felsch","Philipp","ETH Zürich","History in general","Humboldts Söhne. Das paradigmatische Leben der Brüder Schlagintweit (1820-1890)",2009
"Corboz","Philippe","ETH Zürich","Condensed Matter Physics","Simulation of strongly correlated quantum many-body systems with tensor network and Monte Carlo algorithms",2011
"Mermod","Philippe","Université de Genève","Particle Physics","Searches for Massive Penetrating and Highly-Ionizing Particles with the ATLAS Detector at the Large Hadron Collider",2011
"Valla","Pierre","Université de Lausanne","Geology","Tropical volcanic islands erosion and landscape evolution - Earth surface geochronology, morphometry and numerical modeling",2013
"Courty","Pierre-Emmanuel","Universität Basel","Ecology","Taxonomic and functional diversity of mycorrhizal fungi associated with poplar: an integrative approach",2011
"Junier","Pilar","Université de Neuchâtel","Experimental Microbiology","Metabolic capabilities of spore-forming microorganisms",2009
"Mader","Rachel","Zürcher Hochschule der Künste (ZFH)","Visual arts and Art history","Kunst als Unternehmen - kreative Praxis und Kulturpolitik seit 1980",2009
"Neukom","Raphael","Universität Bern","Climatology, Atmospherical Chemistry, Aeronomy","Detection of human and natural influences on the climate system: regional insights from the past Millennium",2014
"Everts","Regula","Universität Bern","Psychology","Behavioural and Neural Effect of Memory Training in Children born Preterm",2009
"Deguen","Renaud","ETH Zürich","Geophysics","Setting Earth's initial conditions - Compositional and thermal partitioning during metal silicate differentiation in a magma ocean",2012
"Schuepbach","Reto","Universität Zürich","Physiology : other topics","Cytoprotection through non Anticoagulant Engineered Chimeric Activated Protein C",2011
"McKinley","Richard","Universität Bern","Information Sciences","Computational Structure of Classical Duality",2009
"Sawarkar","Ritwick","ETH Zürich","Molecular Biology","Understanding the molecular role of Hsp90 in genotype-phenotype relation by using Drosophila melanogaster as a model",2012
"De Jong","Rixt","Universität Bern","Hydrology, Limnology, Glaciology","Cold-season climate variability in the Chilean Andes during the past millennium",2010
"Zaugg","Roberto","Université de Lausanne","History in general","Connected histories, narrated stories. The journal of a barber-surgeon between journeyman migration and slave trade",2013
"Kouyos","Roger","Universität Zürich","Infectious Diseases","Combining molecular epidemiology approaches and mathematical models for the spread of HIV and its coinfections",2012
"Zech","Roland","ETH Zürich","Geology","Tracking glacial cycles across Eurasia using lipid biomarkers in loess- paleosols-sequences",2010
"Kümmerli","Rolf","EAWAG Dübendorf","Ecology","Evolutionary explanations for the persistence of cooperative siderophore production in the bacterium Pseudomonas aeruginosa",2009
"Felli","Romain","Université de Genève","Political Sciences","The political life of an idea: resilience to environmental change in international organisations",2013
"Lachat","Romain","Universität Zürich","Political Sciences","Contextual factors and the spatial model of electoral competition",2008
"Kuznets","Roman","Universität Bern","Information Sciences","Refining Reasoning via Justification Extraction: A Proof-Theoretic Approach",2010
"Van Heeswijk","Ruud","Université de Lausanne","Cardiovascular Research","Molecular Imaging of Perfluorocarbons for the Quantitative Characterization of Atherosclerosis Progression",2014
"Bachmann","Ruxandra","Universität Zürich","Genetics","Understanding genetic modifiers in ciliopathies using the zebrafish model",2012
"Abiven","Samuel","Universität Zürich","Pedology","Physical, molecular and microbial evidence of char degradation",2008
"Wüst","Samuel","Universität Zürich","Botany","Genetics to Ecology",2013
"Schwab","Sandra","Universität Zürich","Romance languages and literature","Prosody acquisition in a second language: the study of stress perception with behavioral and electrophysiological methods",2013
"Zufferey","Sandrine","Université de Fribourg","German and English languages and literature","MULDIS - Discourse Connectives: From Multiple Languages to Multilingual Minds",2013
"Fernandez Gonzalez","Santiago","Università della Svizzera italiana","Medical Microbiology","Intravital imaging of polymicrobial respiratory diseases (IMPORED)",2013
"Mitri","Sara","Université de Lausanne","Experimental Microbiology","The evolution of social interactions in microbial communities",2014
"Walentowitz","Saskia","Universität Bern","Ethnology","Feeding dilemmas. Anthropological perspectives on infant feeding, policies and science in contexts of HIV",2008
"Schmidt","Sebastian","ETH Zürich","Theoretical Physics","Strongly correlated photons",2012
"Aybek Rusca","Selma","Université de Genève","Neurology, Psychiatry","The stress hypothesis in Conversion Disorder",2013
"Klopfstein","Seraina","Universität Bern","Zoology","Phylogeny, total-evidence dating, and the impact of parasitoid lifestyle on the diversification of pimpliforme parasitoid wasps (Hymenoptera, Ichneumonidae)",2014
"Rasmann","Sergio","Université de Lausanne","Ecology","A phylogenetic study on altitudinal gradients of plant defenses against herbivores: testing classic hypotheses with contemporary methods",2010
"Vuilleumier","Séverine","Université de Lausanne","Ecology","Dynamique des gènes en métapopulations hétérogènes",2008
"Stringhini","Silvia","Université de Lausanne","Cardiovascular Research","Socioeconomic status and cardio-metabolic disease: an epidemiological perspective on the biology of social adversity",2013
"Ionta","Silvio","Université de Lausanne","Psychology","Validation of a Model of Sensorimotor Integration with Clinical Benefits",2013
"Krattinger","Simon","Universität Zürich","Genetics","Functional characterization of broad-spectrum disease resistance in cereals",2014
"Nigg","Simon","Universität Basel","Theoretical Physics","Quantum information processing with superconducting qubits and molecular magnets",2013
"Spinelli","Simona","Universität Zürich / ETH Zürich","Neurophysiology and Brain Research","Human and mouse-model study of serotonin transporter involvement in abnormal negative feedback processing in depression: translational neural imaging and neuropsychological testing.",2009
"Astori","Simone","Université de Lausanne","Neurophysiology and Brain Research","Cellular mechanisms underlying sleep regulation: a role for synaptic plasticity within sleep-wave generating circuits?",2011
"de Seigneux Matthey","Sophie","Université de Genève","Pathophysiology","Kidney Tubular Cells are Major Actors in Chronic Kidney Disease (CKD) Progression: Potential Therapeutic Targets and Prognosis Markers",2012
"Höfler","Stefan","Universität Zürich","German and English languages and literature","The textual structure of articles of law - Text-linguistic models in the service of legislation",2014
"Lüpold","Stefan","Universität Zürich","Ecology","Genetic variation in quality and sexual selection on condition-dependent traits",2014
"Tilg","Stefan","Universität Zürich","Ancient History and Classical Studies","Apuleius and the Ancient Novel",2008
"Dagron","Stéphanie","Universität Zürich","Legal Sciences","Essai de systématisation des politiques de régulation touchant à la mise sur le marché et au suivi des médicaments",2008
"Blanchet","Steve","EPF Lausanne","Theoretical Physics","Probing the origin of matter at the Large Hadron Collider",2011
"Skora","Susanne","ETH Zürich","Mineralogy","Adakite Petrogenesis: An experimental study on mantle metasomatism",2012
"Pichon","Swann","Université de Genève","Psychology","Impact of prosocial and violent videogames on pain perception: Investigating short- and long-term emotional changes",2013
"Dubey","Sylvain","Université de Lausanne","Ecology","The evolution of colour polymorphism in ectothermic vertebrates: A study on asp vipers",2011
"Fachard","Sylvian","Université de Genève","Archaeology","Les frontières de l'Attique. Etude du paysage frontalier d’une cité grecque : archéologie et géographie historique.",2012
"Lewinsky","Tamar","Universität Basel","History in general","Weltsprache Jiddisch. Jüdische Transmigranten aus Osteuropa im 19. und 20. Jahrhundert und die Entstehung transnationaler jiddischer Räume",2011
"Gabrecht","Tanja","EPF Lausanne","Other disciplines of Physics","Instrumental developments, optimisation and evaluation of photodynamic therapy of the Crohn's disease",2008
"Stadler","Tanja","ETH Zürich","Infectious Diseases","Estimating epidemiological and evolutionary parameters from viral sequence data using phylogenetic methods",2011
"Fragos","Tassos","Université de Genève","Astronomy, Astrophysics and Spatial Sciences","The Origin of Stellar-Mass Black Hole Spin",2013
"Aue","Tatjana","Université de Genève","Psychology","Neural and somatovisceral processes associated with expectancy bias in spider phobia",2008
"Berger","Thomas","Universität Bern","Psychology","Internet-based psychotherapy: The evaluation of internet-based interventions for social phobia, panic disorder and/or agoraphobia and generalized anxiety disorder",2010
"Frölicher","Thomas","ETH Zürich","Oceanography","Anthropogenic carbon and heat uptake by the Southern Ocean",2012
"Schmidt","Thomas","Universität Basel","Condensed Matter Physics","Quantum effects in nanomechanical and optomechanical systems",2011
"Schultz","Thomas","IHEID Genève","Legal sciences","The Ethics of Transnational Business Law",2010
"Altwicker","Tilmann","Universität Basel","Legal Sciences","Transnational Public Security Law",2013
"Erb","Tobias","ETH Zürich","Experimental Microbiology","Reductive Carboxylases in Natural and Synthetic Microbial Pathways",2011
"Kaufmann","Tobias","ETH Zürich","Theoretical Physics","Extended Gaseous Halos as a Probe of Galaxy Formation",2009
"Ariga","Tomoko","Universität Bern","Particle Physics","Development of next generation emulsion particle detectors and readout devices",2014
"Cacchione","Trix","Universität Zürich","Psychology","Core knowledge revisited: Effects of fission, fusion and shape transformation on infants’ ability to represent inanimate and animate objects",2009
"Rimmele","Ulrike","Université de Genève","Psychology","Effects of emotion and stress on different memory stages",2011
"Laskay","Ünige","EPF Lausanne","Biochemistry","Cross-Generational Effects of Obesity and Anorexia. A Mass Spectrometry-Based Systems Biology Approach.",2013
"Ponzetto","Valentina","Université de Genève","Romance languages and literature","Le Proverbe dramatique",2010
"Simoni","Valerio","IHEID Genève","Ethnology","The Transformation of Intimate and Economic Lives in Cuban Tourism and Migration",2013
"Berlincourt","Valéry","Universität Basel","Ancient History and Classical Studies","Rewriting and self-reference in Claudian's political poems",2013
"Zikas","Vasileios","ETH Zürich","Information Sciences","Towards Practical Secure Computation",2012
"Savu","Veronica","EPF Lausanne","Material Sciences","Full-Wafer Dynamic Nanostencil Lithography",2008
"Job Sutnar","Veronika","Universität Zürich","Psychology","Implicit Theories about Willpower: Mechanisms, Replication, and Application",2010
"Cadarso Busto","Víctor Javier","PSI Villigen","Microelektronics, Optoelectronics","Optical nanowires based biosensing platform",2012
"Emery","Vincent","EPF Lausanne","Mathematics","Volume of hyperbolic manifolds and K-theory of number fields",2013
"Lam","Vincent","Université de Lausanne","Philosophy","Metaphysics of quantum field theoretic structures in dynamical spacetime",2012
"Pascoli","Vincent","Université de Genève","Neurophysiology and Brain Research","Synaptic basis of eating disorders",2014
"Dotsenko","Vladimir","Université de Genève","Mathematics","Algebra and combinatorics of shuffle operads",2011
"Ishibashi","Wakiko","ETH Zürich","Astronomy, Astrophysics and Spatial Sciences","The Role of Accreting Black Holes in Galaxy Evolution",2013
"Duba","William","Université de Fribourg","Philosophy","Francis of Marchia's Philosophical Psychology",2010
"Morin","Xavier","Université de Lausanne","Ecology","Impact des changements globaux sur la diversité en espèces ligneuses et sur la productivité forestière dans les forêts tempérées et alpines",2011
"Guan","Xueli","Universität Basel","Biochemistry","Lipidomics of host-pathogen interactions: human macrophage as a cellular system to study functional implications of lipid metabolism during infection",2011
"Burnier","Yannis","EPF Lausanne Lausanne","Theoretical Physics","Plasma de particules élémentaires à haute température dans des collisions d'ions lourds",2012
"Romanyuk","Yaroslav","EMPA Dübendorf","Microelectronics, Optoelectronics","Semi-transparent solar cells based on oxide semiconductors",2009
"Schärli","Yolanda","Universität Zürich","Molecular Biology","Robustness and evolutionary parameter drift of stripe-forming gene regulatory networks",2013
"Faenza","Yuri","EPF Lausanne","Mathematics","Tight formulations of 0-1 problems",2014
"Zajacz","Zoltán","ETH Zürich","Geochemistry","Equilibrium between silicate melts and H-O-C-S-Cl magmatic volatiles: a key to understand volcanic eruptions and ore deposit genesis",2011
